id;Label;Year;Nationality;Weight
1;Stan Beckers;1952;Belgische;1
2;Marco van Kalleveen;;Nederlandse;1
3;David Knibbe;1971;Nederlandse;1
4;Michael Geslak;;Amerikaanse;1
5;Paul Boomkamp;1969;Nederlandse;1
6;Richard Flint;;;1
7;Baptiest Coopmans;1965;Nederlandse;1
8;Mark Bloom;;Amerikaanse;1
9;Isabelle Bouillot;1949;Franse;1
10;Stuart Silcock;;Britse;1
11;Paul Nijhof;1965;Nederlandse;1
12;Jörg Neermann;;;1
13;Alexander van Ofwegen;;Nederlandse;1
14;Wouter van der Woerd;;;1
15;Govert Hamers;;Nederlandse;1
16;Lard Friese;1962;Nederlandse;1
17;Patrick Dear;;Britse;1
18;Johan van der Werf;1952;Nederlandse;1
19;Leo van Wijk;1946;Nederlandse;1
20;Barrie Ward;1938;Britse;1
21;Christophe Cuvillier;1962;Franse;1
22;Dick Hordijk;;;1
23;Richard Boléat;;;1
24;Hans Alders;;Nederlandse;1
25;Joost de Haas;1959;Nederlandse;1
26;Adrian Grace;1963;Britse;1
27;Rajesh Parekh;;;1
28;Trevor Perren;;;1
29;Jeroen Slop;1961;Nederlandse;1
30;Rob van der Heijden;1965;Nederlandse;1
31;Jean-Marie Tritant;1967;Franse;1
32;Sjoerd van Keulen;1946;Nederlandse;1
33;Ben van der Veer;1951;Nederlandse;1
34;Giovanna Kampouri Monnas;1955;Griekse;1
35;Cathie Lesjak;;;1
36;Fred van Houten;1951;Nederlandse;1
37;Frank Engelen;1971;Nederlandse;1
38;Remko Herschel;;;1
39;Remy Cuny;1976;Nederlandse;1
40;Anthony Ruys;1947;Nederlandse;1
41;John Voppen;;Nederlandse;1
42;Eben Albertyn;1976;Zuid-Afrikaanse;1
43;Jan Hovers;1943;Nederlandse;1
44;Carin Gorter;1963;Nederlandse;1
45;Jan Groen;;Nederlandse;1
46;Kees Goudswaard;1955;Nederlandse;1
47;Olivier Bossard;1964;Franse;1
48;Solenne Lepage;1972;Franse;1
49;Roland van Kralingen;;Nederlandse;1
50;Sikko van Katwijk;1963;Nederlandse;1
51;Annemieke Roobeek;1958;Nederlandse;1
52;Nout Wellink;1943;Nederlandse;1
53;Brent Wissink;;;1
54;Thijs Manders;1963;Nederlandse;1
55;Guido Geerts;;;1
56;Egbert ten Cate;1946;Nederlandse;1
57;Koen Hoffman;;Nederlandse;1
58;Mats Jansson;1951;Zweedse;1
59;Leen Meijaard;;Nederlandse;1
60;Deepak Luthra;;Indiase;1
61;Resi Becker;;;1
62;Hanneke Faber;1969;Nederlandse;1
63;Ada van der Veer-Vergeer;1959;Nederlandse;1
64;Bernd Leukert;;;1
65;Xander den Uyl;;;1
66;Salomon Guggenheim;;;1
67;Ronald Wuijster;;;1
68;Daan van Doorn;1948;Nederlandse;1
69;Ming He;;Amerikaanse;1
70;Jos Smetsers;;Nederlandse;1
71;Alexander de Carvalho;1984;Nederlandse;1
72;Annemarie Jorritsma-Lebbink;1950;Nederlandse;1
73;Maarten Kolff;1961;Nederlandse;1
74;Kathryn A. Matthews;1960;Britse;1
75;Peter Mensing;;Nederlandse;1
76;Koos Timmermans;1960;Nederlandse;1
77;Dirk Anbeek;1963;Nederlandse;1
78;Michael Bennett;1953;Amerikaanse;1
79;Arnout Traas;;;1
80;Eitan Rechter;1949;Israelische;1
81;Herman van Everdingen;1955;Nederlandse;1
82;Thierry Vanlancker;;Belgische;1
83;Gerben Everts;1971;Nederlandse;1
84;Jaap van Wiechen;1972;Nederlandse;1
85;Willem-Jan Strijbosch;1968;Nederlandse;1
86;Monika Milz;1957;Duitse;1
87;Marc Vangeel;;Belgische;1
88;Dan Durn;;;1
89;Susi Zijderveld;;;1
90;Els de Groot;1965;Nederlandse;1
91;Wim Kuijken;1952;Nederlandse;1
92;Eric Fischer;1946;Nederlandse;1
93;Lex van Overmeire;1956;Nederlandse;1
94;Klaas Wester;1946;Nederlandse;1
95;Corien Wortmann-Kool;1959;Nederlandse;1
96;Paulus de Wilt;1964;Nederlandse;1
97;Ferdinand Verdonck;1942;Belgische;1
98;Eric Dam;1951;Nederlandse;1
99;Herman Pabbruwe;1953;Nederlandse;1
100;Marjan Trompetter;1963;Nederlandse;1
101;Jeroen Rovers;;;1
102;Niek Hoek;1956;Nederlandse;1
103;Aad de Winter;1953;Nederlandse;1
104;Vincent van Dessel;;;1
105;André van den Berg;;Nederlandse;1
106;Ilona Haaijer;;Nederlandse;1
107;Ben Voorhorst;1959;Nederlandse;1
108;Marcel Scholtens;;;1
109;Huub Willems;1944;Nederlandse;1
110;Ivo Vliegen;;Belgische;1
111;Bart Koolstra;;;1
112;Theo Baartmans;1960;Nederlandse;1
113;Maarten Blacquière;1967;Nederlandse;1
114;John Farrell;1957;Britse;1
115;Marco Keim;1962;Nederlandse;1
116;Edzard Overbeek;;Nederlandse;1
117;Mark Mullin;1963;Amerikaanse;1
118;Allard Castelein;1958;Nederlandse;1
119;Fidelma Russo;1963;Ierse;1
120;Rudy Markham;1947;Britse;1
121;Willy Duron;1945;Belgische;1
122;Yvonne van Oort;1953;Nederlandse;1
123;Olga Zoutendijk;1961;Nederlandse;1
124;Judith Wiese;;Duitse;1
125;Koos Boot;;Nederlandse;1
126;Eugene Grüter;1959;Nederlandse;1
127;Jacob Kielman;1951;Nederlandse;1
128;Manuel Ferreira da Silva;;;1
129;Gerwin Linnenbank;;;1
130;Tom Newton;1957;;1
131;Jan-Willem Wienbelt;1964;Nederlandse;1
132;Agnes Jongerius;1960;Nederlandse;1
133;Erik Oostwegel;1966;Nederlandse;1
134;Mark Elliott;1952;Britse;1
135;Ronan Cassidy;;Britse;1
136;Jan Peter Peterson;1943;;1
137;Jack Messman;1940;Amerikaanse;1
138;Rob Hoevens;1959;Nederlandse;1
139;Wim Kooijman;1950;Nederlandse;1
140;Ruth Markland;1953;Britse;1
141;Rolf Martin Schmitz;1957;Duitse;1
142;Bram Grimmelt;;;1
143;Bruno Angelici;1947;Franse;1
144;Max Groen;1946;Nederlandse;1
145;Frank Brichau;;;1
146;Wim de Weijer;1953;Nederlandse;1
147;Frans van den Hoven;;;1
148;Lodewijk Hijmans van den Bergh;1963;Nederlandse;1
149;Pauline van der Meer Mohr;1960;Nederlandse;1
150;Ruben Wegman;;Nederlandse;1
151;Dirk Lindenbergh;1949;Nederlandse;1
152;Carla Mahieu;1959;Nederlandse;1
153;Ferdi van Dommelen;;;1
154;Vanisha Mittal Bhatia;1981;Indiase;1
155;Michiel Westermann;1952;Nederlandse;1
156;Karnina Rechter;1953;Israelische;1
157;Jan Eggink;;;1
158;Martijn van der Vorm;1958;Nederlandse;1
159;Martin van den Brink;1957;Nederlandse;1
160;Howard Rowe;;;1
161;Rolf-Dieter Schwalb;1952;Duitse;1
162;Jan van Rutte;1950;Nederlandse;1
163;Joop Wijn;1969;Nederlandse;1
164;Rob Routs;1946;Nederlandse;1
165;Rob van Leen;;;1
166;Peter Oosterveer;;;1
167;Peter Sheldon;1941;Britse;1
168;Pascal Visée;1961;Nederlandse;1
169;Johan Danneels;1949;Belgische;1
170;Peter Vrijsen;;;1
171;Maes van Lanschot;;Nederlandse;1
172;Luc Leunis;;;1
173;Jurgen Ernst;1939;Duitse;1
174;Magnus Hall;1959;Zweedse;1
175;Rose-Marie van Leberghe;;;1
176;Jeremy Lewis;1945;Britse;1
177;Pamela Mars-Wright;;Amerikaanse;1
178;Corinne Goddijn-Vigreux;;Franse;1
179;Tom Ehret;1952;Franse;1
180;Eileen Kennedy;1947;Amerikaanse;1
181;Orit Gadiesh;1951;Israelische;1
182;Bibian Mentel;1972;Nederlandse;1
183;Frederic Amar;;Italiaanse;1
184;Alain Ickovics;1959;Belgische;1
185;Rob Fijneman;;Nederlandse;1
186;Mario van Vliet;1962;Nederlandse;1
187;Duco Sickinghe;1958;Nederlandse;1
188;Aad Goudriaan;1959;Nederlandse;1
189;Pim Vermeulen;1947;Nederlandse;1
190;Annemarie Mijer-Nienhuis;;Nederlandse;1
191;David Reed;;;1
192;Loes van Dalen;;Nederlandse;1
193;Herman Hazewinkel;1949;Nederlandse;1
194;Marc van Nuland;1963;Nederlandse;1
195;Marjet van Zuijlen;1967;Nederlandse;1
196;Sven Dumoulin;1970;Nederlandse;1
197;Rob Kreukniet;1962;;1
198;Joerg Gerbig;;Duitse;1
199;Bernadette Langius;1960;Nederlandse;1
200;Harm Meijer;;;1
201;Ronald de Jong;1967;Nederlandse;1
202;Piet Moerland;1949;Nederlandse;1
203;Colin Dyer;;Britse;1
204;Sarah Anne Cecil Russell;1962;Australische;1
205;Bernard Wientjes;1943;Nederlandse;1
206;Henk Volberda;1964;Nederlandse;1
207;Bianca Tetteroo;1969;Nederlandse;1
208;Feng Zhang;;;1
209;Bruno Giannetti;1952;Italiaanse;1
210;Tom Kliphuis;1964;Nederlandse;1
211;Henk Kienhuis;1945;Nederlandse;1
212;Shemaya Levy Chocron;1947;Franse;1
213;Roland Theuws;1967;Nederlandse;1
214;Paul Rosenmöller;1956;Nederlandse;1
215;Claudia Zuiderwijk-Jacobs;1962;Nederlandse;1
216;Hermann-Josef Lamberti;1956;Duitse;1
217;Arjan Huisman;1971;Nederlandse;1
218;John Kruijsser;;;1
219;Marianne van Leeuwen;1961;Nederlandse;1
220;Jan Haars;1951;Nederlandse;1
221;Geert van den Goor;1969;Nederlandse;1
222;Rob Langezaal;1958;Nederlandse;1
223;Roger van Boxtel;1954;Nederlandse;1
224;Henk van der Kwast;1954;Nederlandse;1
225;Karin Bergstein;1967;Nederlandse;1
226;Jan Peter Balkenende;1956;Nederlandse;1
227;Pieter Haasbroek;;Nederlandse;1
228;Barbara Jongerden;1975;;1
229;Michel Plantevin;1956;Franse;1
230;Eric de Macker;;Nederlandse;1
231;Maarten Icking;1973;Nederlandse;1
232;Marina Wyatt;1964;Britse;1
233;Gerrit van der Scheer;;;1
234;Ralph Hoogerhuis;;Nederlandse;1
235;Michael Christner;1972;Duitse;1
236;René Kottman;1945;Nederlandse;1
237;Bernard Bot;1966;Nederlandse;1
238;Antoon Vermeer;1949;Nederlandse;1
239;Yvonne van Rooy;1951;Nederlandse;1
240;Kitty Roozemond;;;1
241;David Hunter;;;1
242;Paul Verhagen;1966;Nederlandse;1
243;Strive Masiyiwa;1961;;1
244;Eric Driebeek;1958;Nederlandse;1
245;Christophe Navarre;1958;Belgische;1
246;Ton Veth;;Nederlandse;1
247;Eugenie van Wiechen;;Nederlandse;1
248;Jacqueline Tammenoms Bakker;1953;Nederlandse;1
249;Erik Vereggen;;Nederlandse;1
250;Merel van Vroonhoven;1968;Nederlandse;1
251;Guy de Selliers de Moranville;1952;Belgische;1
252;Guido Pot;;Nederlandse;1
253;Jan Albers;1952;Nederlandse;1
254;Wiebe Draijer;1966;Nederlandse;1
255;Salman Butt;;Pakistaanse;1
256;Jean Peyrelevade;1939;Franse;1
257;David Simon;;;1
258;Bertrand de Feydeau;;;1
259;Lakshmi Mittal;1950;Indiase;1
260;Linda Galipeau;1963;Canadese;1
261;Rokus van Iperen;1953;Nederlandse;1
262;Helle Valentin;;;1
263;Hein Brand;1955;Nederlandse;1
264;Jolande Sap;1963;Nederlandse;1
265;Bart-Jan van Genderen;1969;Nederlandse;1
266;Margot Scheltema;1954;Nederlandse;1
267;Jan Willem de Heer;1961;Nederlandse;1
268;Hans Pauli;1960;Nederlandse;1
269;Miriam van Dongen;1969;Nederlandse;1
270;Gert-Jan van der Marel;;Nederlandse;1
271;Dieter Schulze;;Zuid-Afrikaanse;1
272;Rolf Deves;1947;Nederlandse;1
273;Job Voorhoeve;1965;Nederlandse;1
274;Andre Goedee;1951;Nederlandse;1
275;Martin Eimers;;Nederlandse;1
276;Charlotte Beekenkamp;;Nederlandse;1
277;Annemiek van Melick;1976;;1
278;Michael Wyllie;1958;Britse;1
279;Eric Urff;1967;Nederlandse;1
280;Charles Holliday;1948;Amerikaanse;1
281;Rob Ruijter;1951;Nederlandse;1
282;Rupert Dorey;1960;;1
283;Jan Ernst de Groot;1963;Nederlandse;1
284;Philippe Calavia;1948;Franse;1
285;Linda Stuntz;1954;Amerikaanse;1
286;Anne de Jong;;Nederlandse;1
287;Jan Lobbezoo;1946;Nederlandse;1
288;Leo van Doorne;1959;Nederlandse;1
289;Ann Fudge;1951;Amerikaanse;1
290;Jaap de Hoop Scheffer;1948;Nederlandse;1
291;Albert Jan Jongsma;1968;Nederlandse;1
292;Carel Bikkers;1950;Nederlandse;1
293;Jan Keijsers;1955;Nederlandse;1
294;Maryse Aulagnon;1949;Franse;1
295;Edith Snoeij;1956;Nederlandse;1
296;Wolfhart Hauser;1949;Duitse;1
297;Eric Kuisch;1965;Nederlandse;1
298;Erich Platzer;;;1
299;Nick Meyer;1944;Britse;1
300;Nico Hermans;1951;Nederlandse;1
301;Pim Berger;1966;Nederlandse;1
302;Ronald Paul;1960;Nederlandse;1
303;Jean-Christope Lalanne;1961;Franse;1
304;Carel van Eykelenburg;;;1
305;Constant Korthout;1962;Nederlandse;1
306;Christian Meyer;;;1
307;Stephan Nanninga;1957;Nederlandse;1
308;Barry Mence;;Britse;1
309;Sophie Bechu;;Franse;1
310;Hans Kamps;1959;Nederlandse;1
311;Arthur de Bok;1962;Nederlandse;1
312;Victor Tee;;Britse;1
313;Hans Turkesteen;1963;Nederlandse;1
314;Ed Kraaijenzank;1956;Nederlandse;1
315;Yvonne Zonderop;;Nederlandse;1
316;Jay Pomrenze;1949;Amerikaanse;1
317;Marc de Vries;;Nederlandse;1
318;Delfin Rueda Arroyo;1964;Spaanse;1
319;Henk Rottinghuis;1956;Nederlandse;1
320;Harald Petry;;;1
321;Aukje Doornbos;;Nederlandse;1
322;George Voorhout;1972;Nederlandse;1
323;Gerard Kleisterlee;1946;Nederlandse;1
324;Pierre-François Riolacci;1965;Franse;1
325;David Schaffer;;;1
326;Yosef Grunfeld;1942;Israelische;1
327;Douglas Wood;;;1
328;Wil Fluit;1947;Nederlandse;1
329;Abbe Luersman;1967;Amerikaanse;1
330;Matthew Rider;1963;Amerikaanse;1
331;Martijn Hagens;1971;Nederlandse;1
332;Anders Moberg;1950;Zweedse;1
333;Tjalling Smit;;;1
334;Laurence Debroux;1969;Franse;1
335;Jan Bos;1965;Nederlandse;1
336;Laura Cha;1949;Chinese;1
337;Nicolai Pronk;1974;Nederlandse;1
338;Carel van den Driest;1947;Nederlandse;1
339;Xiao Wei Wu;;;1
340;Floris Deckers;1950;Nederlandse;1
341;David Carrington;1946;Engelse;1
342;Paul ten Haaf;;;1
343;Jeroen Both;;Nederlandse;1
344;Olav Berten;1967;Nederlandse;1
345;Charlotte Kwist;1967;Nederlandse;1
346;Manon van Beek;1970;Nederlandse;1
347;Menno Antal;1965;Nederlandse;1
348;Stephan Sieber;;;1
349;Peter Mills;1958;;1
350;Michel Lamie;;;1
351;Andrew Jennings;;;1
352;Gerard van de Aast;1957;Nederlandse;1
353;Rob van Gelder;1945;Nederlandse;1
354;Philip Alexander Sluiter;1963;Nederlandse;1
355;Jos Blejie;1958;Nederlandse;1
356;Philip van Blanken;;Nederlandse;1
357;Stanley Shashoua;;;1
358;Jean Vermeire;1944;Belgische;1
359;Heinrich Kreutzer;1949;Duitse;1
360;Adam de Jong;1954;Nederlandse;1
361;Patrick De Greve;1969;Belgische;1
362;Frits Eulderink;;Nederlandse;1
363;Rafael Padilla;1978;Spaanse;1
364;Arjan Kaaks;;Nederlandse;1
365;Mark Wegter;;;1
366;Piet van der Slikke;;;1
367;Ulco Vermeulen;;Nederlandse;1
368;Richard Zink;;Nederlandse;1
369;Kees van Dijkhuizen;1955;Nederlandse;1
370;Douwe van der Werf;1955;Nederlandse;1
371;Chris Campbell;;Britse;1
372;Jos Nijhuis;1957;Nederlandse;1
373;Edwin van Es;;;1
374;Gijsbert de Zoeten;;Nederlandse;1
375;Sacha Engels;1961;Nederlandse;1
376;Franca Vossen;;;1
377;Eric Drok;1960;Nederlandse;1
378;Ernst Ligthart;1969;Nederlandse;1
379;Henri van der Kamp;1960;Nederlandse;1
380;Dick Boers;1966;;1
381;Manfred Mautner Markhof;1952;Oostenrijkse;1
382;Roy Mackenzie;;;1
383;Peter de Wit;1949;Nederlandse;1
384;Dion Weisler;;;1
385;Frans Keurentjes;1957;Nederlandse;1
386;Guus van Puijenbroek;1975;Nederlandse;1
387;Gerrit Bruggeman;;Nederlandse;1
388;Dick van Well;1948;Nederlandse;1
389;Annette Mosman;1967;Nederlandse;1
390;Jan van Zeeland;1946;Nederlandse;1
391;Byron Grote;1948;Amerikaanse;1
392;Bart Oprel;1966;Nederlandse;1
393;Harry Wolters;;;1
394;Paul Sheffield;;Engelse;1
395;Jeanine Helthuis;1962;Nederlandse;1
396;Feike Sijbesma;1959;Nederlandse;1
397;Eric Jackson;1952;Canadese;1
398;Patrick de Maeseneire;1957;Belgische;1
399;Jean-Marc Huët;1969;Nederlandse;1
400;Hans van Gool;;Nederlandse;1
401;Frans Eelkman Rooda;1952;Nederlandse;1
402;Michel Verwoest;1969;Nederlandse;1
403;Alexander Baas;1966;Nederlandse;1
404;John Rishton;1958;Britse;1
405;Christopher Wright;;;1
406;Ralph Hamers;1966;Nederlandse;1
407;Jerome Guiraud;1961;Franse;1
408;Theo van der Raadt;1953;Nederlandse;1
409;Nassef Sawiris;1961;Egyptische;1
410;Maarten Dijkshoorn;1950;Nederlandse;1
411;Narayanan Vaghul;1936;Indiase;1
412;Efrat Konforty;;;1
413;Pierre Bouchut;1955;Franse;1
414;Monique Caubo;1961;Nederlandse;1
415;Erik Engstrom;1963;Zweedse;1
416;Ronald Blom;1948;Nederlandse;1
417;Eelco Blok;1957;Nederlandse;1
418;René Hooft Graafland;1955;Nederlandse;1
419;Ruth Devenyns;1964;Belgische;1
420;Arvid Ladega;;;1
421;Joost Farwerck;1965;Nederlandse;1
422;Willem van Duin;1960;Nederlandse;1
423;Jan Kees de Jager;1969;Nederlandse;1
424;Wim Schimmel;1966;Nederlandse;1
425;Koos Hendriks;1949;Nederlandse;1
426;Theo Kiesselbach;;Duitse;1
427;Aad Veenman;1947;Nederlandse;1
428;Hielke Sybesma;;Nederlandse;1
429;Kee Koopmans;;Nederlandse;1
430;Jason Wright;;;1
431;Hans Stellingsma;1956;Nederlandse;1
432;Erik van Schie;;;1
433;Egbert Eeftink;1962;;1
434;Frederik Lotz;;;1
435;Peter Jaspers;;Nederlandse;1
436;Peter de Groot;;Nederlandse;1
437;Janet Stuijt;;Nederlandse;1
438;Dirk Jan van den Berg;1953;Nederlandse;1
439;Stefan Orlowski;1966;Australische;1
440;Ben van Beurden;1958;Nederlandse;1
441;Taco Titulaer;;Nederlandse;1
442;Arthur van der Poel;1948;Nederlandse;1
443;Alexander van der Lof;1958;Nederlandse;1
444;George Fink;1947;Amerikaanse;1
445;Peter Vermaat;;Nederlandse;1
446;Harold Goddijn;1960;Nederlandse;1
447;Karin de Jong;;Nederlandse;1
448;Annie Krist;;Nederlandse;1
449;Cees Veerman;1949;Nederlandse;1
450;Theo de Raad;1945;Nederlandse;1
451;Frank Rövekamp;1955;Nederlandse;1
452;Carina Benninga;;Nederlandse;1
453;Berry Marttin;1965;Nederlandse;1
454;Willy Simon;1951;Belgische;1
455;Tom de Swaan;1946;Nederlandse;1
456;Kees Hamster;1970;Nederlandse;1
457;Andrew Brown;1952;Britse;1
458;Leonhard Degle;1948;Duitse;1
459;Herman Spenkelink;1947;Nederlandse;1
460;Simone Heidema;1971;Nederlandse;1
461;Bruno Chabas;1964;Franse;1
462;Pieter Bootsma;1969;Nederlandse;1
463;Dirk de Groot;;;1
464;Arjen Dorland;1955;Nederlandse;1
465;Frans Eusman;1962;Nederlandse;1
466;Inge Ligthart;1963;Nederlandse;1
467;Heino von Prondzynski;1949;Duitse;1
468;Rob Becker;;;1
469;Edwin van de Ven;;Nederlandse;1
470;Jean-Louis Laurens;1954;Franse;1
471;Manfred Rüdiger;;;1
472;Jan van Rijt;1946;Nederlandse;1
473;Robin Clements;;Nederlandse;1
474;Byron Knief;;Amerikaanse;1
475;Aloys Kregting;1967;Nederlandse;1
476;Elling de Lange;;Nederlandse;1
477;Nick Luff;;Britse;1
478;Herman Keijsers;;Nederlandse;1
479;Hans van der Noordaa;1961;Nederlandse;1
480;Tom de Waard;1946;Nederlandse;1
481;Peter Berdowski;1957;Nederlandse;1
482;Will Lewis;;;1
483;Werner Cautreels;;Belgische;1
484;Johannes Fritz;1954;Duitse;1
485;Frank Thuis;1969;Nederlandse;1
486;Suzanne Nimocks;1959;Amerikaanse;1
487;Barry Glick;;Amerikaanse;1
488;Michel Wurth;1954;Franse;1
489;Frederieke Leeflang;;Nederlandse;1
490;Jan Pienaar;;;1
491;Bert Groenewegen;1965;Nederlandse;1
492;Kees van Lede;1942;Nederlandse;1
493;Alex Mandl;1943;Amerikaanse;1
494;Chris Van Steenbergen;;Belgische;1
495;Eric Meurice;1956;Franse;1
496;Rijkman Groenink;1949;Nederlandse;1
497;Pieter Jongstra;1956;Nederlandse;1
498;John van der Steen;1954;Nederlandse;1
499;Edwin Velzel;;Nederlandse;1
500;Antonio Campo;1957;;1
501;Sake Bosch;1969;Nederlandse;1
502;Robert W. Dineen;1949;Amerikaanse;1
503;Nathalie van Woerkom;1970;Nederlandse;1
504;Jeroen Snijders Blok;1959;Nederlandse;1
505;Kees van der Graaf;1950;Nederlandse;1
506;Christine Mummery;;Britse;1
507;Ewen Stevenson;;;1
508;Pieter Elbers;1970;Nederlandse;1
509;Charles Richard;;;1
510;Jos van Kessel;;Nederlandse;1
511;Hector Gorosabel;;Zwitserse;1
512;Ronald Lorijn;1951;Zwitserse;1
513;Steven Clausing;1971;Nederlandse;1
514;Harry van Rietschoten;1966;Nederlandse;1
515;Coby van der Linde;1957;Nederlandse;1
516;Nynke Dalstra;1969;Nederlandse;1
517;Steven Martina;;;1
518;Frans Cremers;1952;Nederlandse;1
519;Hugo van der Linde;;Nederlandse;1
520;Rob van Wingerden;1961;Nederlandse;1
521;Dirk de Lugt;;Nederlandse;1
522;Mathieu Vrijsen;1947;Nederlandse;1
523;Mel Kroon;1957;Nederlandse;1
524;George Roberts;1944;Amerikaanse;1
525;Luurt van der Ploeg;6;;1
526;John Fentener van Vlissingen;1939;Nederlandse;1
527;Tom Heidman;1959;Nederlandse;1
528;Daniel Metzger;;Amerikaanse;1
529;Jeannot Krecké;1950;Luxemburgse;1
530;Ab Klink;1958;Nederlandse;1
531;Margriet Tiemstra;1954;Nederlandse;1
532;Ton Hillen;1961;Nederlandse;1
533;Paul Polman;1956;Nederlandse;1
534;Roelof Konterman;1956;Nederlandse;1
535;Eelco Hoekstra;1971;Nederlandse;1
536;Aditya Mittal;1976;Indiase;1
537;Wolfgang Nickl;1969;Duitse;1
538;Martin Hoyos;;Duitse;1
539;Lex Hartman;1956;Nederlandse;1
540;Pieter de Jong;1964;Nederlandse;1
541;Arno van Bijnen;;Nederlandse;1
542;Jean Pierre Depaemelaere;;Belgische;1
543;Jos Streppel;1949;Nederlandse;1
544;Arjan Eleveld;1957;Nederlandse;1
545;Hans Schoen;1955;Nederlandse;1
546;Henk Schouten;;Nederlandse;1
547;Rudi Mariën;;Belgische;1
548;Wouter Kolk;;Nederlandse;1
549;Jacob Bartelds;;Nederlandse;1
550;Catherine Simoni;;;1
551;Ronald van de Laar;;;1
552;Just Spee;;Nederlandse;1
553;Wim van Sluis;1958;Nederlandse;1
554;Jan van der Zouw;1954;Nederlandse;1
555;Steven van Schilfgaarde;1964;Nederlandse;1
556;Peter Koppenol;;;1
557;Colette Cloosterman - Van Eerd;1966;Nederlandse;1
558;Eric van Amerongen;1953;Nederlandse;1
559;Julia van Nauta Lemke - Pears;;Nederlandse;1
560;Loek de Vries;1951;Nederlandse;1
561;Melchert Groot;1959;Nederlandse;1
562;Hanny Kemna;1960;Nederlandse;1
563;Francois Béharel;1970;Franse;1
564;Andrei Haret;;Roemeense;1
565;Edwin Bouwman;1967;Nederlandse;1
566;Huub Wezenberg;1965;Nederlandse;1
567;Ton Anbeek;1962;Nederlandse;1
568;Ton van Veen;1969;Nederlandse;1
569;Mirjam Sijmons;1960;Nederlandse;1
570;Thomas Schoewe;1952;Amerikaanse;1
571;Roel van Neerbos;;Nederlandse;1
572;Cor van den Bos;1952;Nederlandse;1
573;Jeanette Horan;1955;Britse;1
574;Casper Meijer;;;1
575;Marion Helmes;1965;Duitse;1
576;Jörn Aldag;1958;Zwitserse;1
577;Johnny Thijs;1952;Belgische;1
578;Jos van Lange;;Nederlandse;1
579;Marion Mestrom;;Nederlandse;1
580;Hans Snijders;;Nederlandse;1
581;Herta von Stiegel;;;1
582;Fred Mulder;1941;Nederlandse;1
583;Henk Groenen;1944;Nederlandse;1
584;Henry Kravis;1944;Amerikaanse;1
585;Lowick Barg;;;1
586;René Steenvoorden;;Nederlandse;1
587;Anthony Attia;;Franse;1
588;Robert Otto;1967;Nederlandse;1
589;Marco de Haas;1968;Nederlandse;1
590;Eddy van Rhede van der Kloot;;Nederlandse;1
591;Ton Lammers;;;1
592;Caroline van den Bosch;1965;;1
593;Phill Robinson;;Engelse;1
594;Erwin Wunnekink;1970;Nederlandse;1
595;Tjerk de Ruiter;;Nederlandse;1
596;Dona Young;1954;Amerikaanse;1
597;Patrick Groenen;;Nederlandse;1
598;Fieke van der Lecq;1966;Nederlandse;1
599;Wim Blijdorp;;Nederlandse;1
600;Paul Schouwenaar;1959;Nederlandse;1
601;Jan Vaandrager;1943;Nederlandse;1
602;Sandra Addink-Berendsen;1973;Nederlandse;1
603;Rozan Dekker;;Nederlandse;1
604;Kees Been;;;1
605;Philip Eykerman;;;1
606;Jaap van Manen;1950;Nederlandse;1
607;Joke van Lonkhuijzen-Hoekstra;1960;Nederlandse;1
608;Jessica Uhl;;Amerikaanse;1
609;Taco de Groot;1963;Nederlandse;1
610;Marnix van Ginneken;1973;Nederlandse;1
611;Boudewijn Molenaar;1953;Nederlandse;1
612;Cenk Duzyol;;;1
613;Philip Astley-Sparke;;;1
614;Martin Muhr;1965;Nederlandse;1
615;Frank Lagerveld;1961;Nederlandse;1
616;Boudewijn Beerkens;1963;Nederlandse;1
617;Bernd Stahli;1971;Nederlandse;1
618;Gerard van Olphen;1962;Nederlandse;1
619;Mark Stoffels;;;1
620;Allegra van Hövell-Patrizi;;Nederlandse;1
621;Norbert Quinkert;1943;Duitse;1
622;Ron Icke;1957;Nederlandse;1
623;Cees van Rijn;1947;Nederlandse;1
624;Hans Hettinga;;;1
625;Frans van Belle;;Nederlandse;1
626;Tjalling Tiemstra;1952;Nederlandse;1
627;Maja Sanders;1953;Nederlandse;1
628;Andy Michuda;;Amerikaanse;1
629;Barbara Geelen;1974;Nederlandse;1
630;Derk Haank;1953;Nederlandse;1
631;Michel Alsemgeest;;;1
632;André Bergen;1950;Belgische;1
633;Annemieke den Otter;;;1
634;Laurent Morel;;Franse;1
635;Rogier van Beek;1974;Nederlandse;1
636;Mathieu van den Hoogenband;1944;Nederlandse;1
637;Sander van 't Noordende;1963;Nederlandse;1
638;Mark Pigott;1954;Amerikaanse;1
639;Gosse Boon;1959;Nederlandse;1
640;Marcel Jongmans;;Nederlandse;1
641;Kevin Entricken;;Amerikaanse;1
642;Mischa Simons;;Nederlandse;1
643;Marjan Oudeman;1958;Nederlandse;1
644;Jan Pensaert;;;1
645;Patrick Mispolet;;Franse;1
646;John Lister;;Britse;1
647;Steven Fivel;;;1
648;Dirk (Dick) Verbeek;1950;Nederlandse;1
649;Roelof Joosten;1958;Nederlandse;1
650;Jos Donvil;1953;Belgische;1
651;Wim te Kamp;1945;Nederlandse;1
652;Johan van Driel;;;1
653;Jim Gollan;;;1
654;Paul Sekhri;1958;Amerikaanse;1
655;Robin Spencer;1970;Britse;1
656;Hans Huijbers;1959;Nederlandse;1
657;Eric Goossens;;;1
658;Sicco-Jan van der Meulen;;;1
659;Lineke Sneller;;Nederlandse;1
660;Joop van Oosten;1948;Nederlandse;1
661;Roel Wijmenga;1957;Nederlandse;1
662;Peter Smink;1965;Nederlandse;1
663;Koenraad Dom;;;1
664;Dick Harryvan;1953;Nederlandse;1
665;Angelique Huijben-Pijnenburg;1968;Nederlandse;1
666;Birgit Otto;1963;Nederlandse;1
667;Doug Dunn;1944;Britse;1
668;Ronald Lotgerink;1961;Nederlandse;1
669;Alfred Vos;1969;Nederlandse;1
670;Patricia Russo;1953;Amerikaanse;1
671;Bill McEwan;1956;Canadese;1
672;Youngme Moon;;Amerikaanse;1
673;Bart Aangenendt;1964;Nederlandse;1
674;Jan Maarten de Jong;1945;Nederlandse;1
675;Frits van Delft;;Nederlandse;1
676;Eric Boyer de la Giroday;1952;Belgische;1
677;Mark Heine;1973;Nederlandse;1
678;Pieter de Grauw;;Nederlandse;1
679;Laurence Mulliez;1966;Franse;1
680;Lieve Mostrey;;;1
681;Cheryl Potter;1971;;1
682;Ralph van den Broek;;Nederlandse;1
683;Francis Gugen;1949;Britse;1
684;Evert-Jan Kooistra;1968;Nederlandse;1
685;Marc Gross;1958;Franse;1
686;Alex Mulder;1946;Nederlandse;1
687;Javier Astaburuaga Sanjinés;1959;Mexicaanse;1
688;John Ormerod;1949;Britse;1
689;Jeroen de Haas;1959;Nederlandse;1
690;Ingrid Thijssen;1968;Nederlandse;1
691;Reinier Walta;1974;Nederlandse;1
692;Wolfgang Ziebart;1950;Duitse;1
693;Abhijit Bhattacharya;;Indiase;1
694;Sietze Hepkema;1953;Nederlandse;1
695;Atzo Nicolaï;1960;Nederlandse;1
696;Robert Easton;;Britse;1
697;Erik Thyssen;;;1
698;Erik Hoving;1963;Nederlandse;1
699;Johan Aurik;;Nederlandse;1
700;Edwin Groeneveld;;;1
701;Wim Pelsma;1963;Nederlandse;1
702;Roderick Munsters;1963;Nederlandse;1
703;Jan de Ruiter;;Nederlandse;1
704;Jeroen Kremers;1958;Nederlandse;1
705;Arie van 't Hof;;;1
706;Lan Tang;;;1
707;Jacques de Vaucleroy;1961;Belgische;1
708;Laetitia Juliette Griffith;1965;Nederlandse;1
709;Jaap Tonckens;1962;Nederlandse;1
710;Alexandra Oldroyd;;Britse;1
711;Bas Brouwers;1972;Nederlandse;1
712;Henk Breukink;1950;Nederlandse;1
713;Wietze Reehoorn;1962;Nederlandse;1
714;Karel van Eerd;1938;Nederlandse;1
715;Tex Gunning;1950;Nederlandse;1
716;Jo Maes;;Belgische;1
717;Reinout van Kalleveen;1959;Nederlandse;1
718;Hans van der Aar;1958;Nederlandse;1
719;Han Fennema;1964;Nederlandse;1
720;Jan-Hendrik Erasmus;;Engelse;1
721;Kick van der Pol;1949;Nederlandse;1
722;Adrie van Bragt;1965;Nederlandse;1
723;Harrie Noy;1951;Nederlandse;1
724;Liz Doherty;;Britse;1
725;Jacques Wallage;1946;Nederlandse;1
726;Jitse Groen;1978;Nederlandse;1
727;Henk de Jong;;;1
728;Toon van Hoof;1954;Nederlandse;1
729;Martin Nijkamp;;;1
730;Nina Skorupska;1961;Britse;1
731;Jeroen Drost;1961;Nederlandse;1
732;Hans Stöcker;1964;Duitse;1
733;Abel Slippens;1951;Nederlandse;1
734;Peter Paardekoper;;;1
735;Stan Dessens;1947;Nederlandse;1
736;Oliver Jäger;;Duitse;1
737;Amandus Lundqvist;1945;Nederlandse;1
738;Petri Hofsté;1961;Nederlandse;1
739;Gerben Hettinga;1977;Nederlandse;1
740;John van Vianen;1969;Nederlandse;1
741;Bob de Groot;1956;Nederlandse;1
742;Arthur van Schendel;1964;Nederlandse;1
743;Henk Timmer;1960;Nederlandse;1
744;Marc van Erven;;Nederlandse;1
745;Philip Thomas;;Britse;1
746;Dieter Rampl;1947;Duitse;1
747;Henk Scheepers;1949;Nederlandse;1
748;Ron de Mos;1957;Nederlandse;1
749;Henk Dijkgraaf;1946;Nederlandse;1
750;Irene Asscher-Vonk;1944;Nederlandse;1
751;Charlene Lucille de Carvalho-Heineken;1954;Nederlandse;1
752;Rene van Schooten;;Nederlandse;1
753;Michiel Wolfswinkel;1963;Nederlandse;1
754;Jeroen Simons;;;1
755;Jackson Dunckel;;;1
756;Jaap van Duijn;1943;Nederlandse;1
757;Wim Moerman;1972;Nederlandse;1
758;Robin Wright;;Britse;1
759;Michael de Ridder;1963;Nederlandse;1
760;Henry Holterman;1955;Nederlandse;1
761;Nicolette Zandbergen;;Nederlandse;1
762;Maureen Bal;;;1
763;Martin Sallenhag;;;1
764;Jaap Vink;1947;Nederlandse;1
765;Michael van Kasteren;1961;Nederlandse;1
766;Euleen Goh;1955;Singaporese;1
767;Klaas Knot;1967;Nederlandse;1
768;Hans Fischer;1956;Nederlandse;1
769;Dimitri de Vreeze;1967;Nederlandse;1
770;Kevin Shum;;Britse;1
771;Job Swank;1955;Nederlandse;1
772;Maarten Das;1948;Nederlandse;1
773;Rob Maathuis;1969;Nederlandse;1
774;Rob Brakenhoff;;;1
775;Ulrich Schumacher;1958;Duitse;1
776;Alec Pelmore;1953;Britse;1
777;Harry van Tooren;1947;Nederlandse;1
778;Jan Hommen;1943;Nederlandse;1
779;Clifford Abrahams;;Britse;1
780;Maurice van Tilburg;;Nederlandse;1
781;Jonathan Timmis;1975;Britse;1
782;Liesbeth Kaashoek;;;1
783;Erik Westerink;1961;Nederlandse;1
784;Harry Brekelmans;;Nederlandse;1
785;Marry de Gaay Fortman;1965;Nederlandse;1
786;Hans Wijers;1951;Nederlandse;1
787;Eric Winter;1961;Nederlandse;1
788;Marike van Lier Lels;1959;Nederlandse;1
789;Herman Kok;;Nederlandse;1
790;Astrid Panosyan;;Franse;1
791;Xavier Geismar;;;1
792;Eelco van Eijck;;Nederlandse;1
793;Jan Arie van Barneveld;1950;Nederlandse;1
794;Anja Montijn-Groenewoud;1962;Nederlandse;1
795;Joost Uwents;;;1
796;Yoav Gottesmann;1952;Engelse;1
797;Herna Verhagen;1966;Nederlandse;1
798;Kiran Patel;;;1
799;Jabine van der Meijs;;;1
800;Wim Henk Steenpoorte;1964;Nederlandse;1
801;Barbara Borra;;Italiaanse;1
802;Philippe Vallee;;Franse;1
803;Pim van der Feltz;1964;Nederlandse;1
804;Douglas Grose;;Canadese;1
805;Dieter Penninckx;;Belgische;1
806;Frank Sonnemans;1961;Nederlandse;1
807;Robert Reibestein;1956;Nederlandse;1
808;John Cullen;1964;Engelse;1
809;Harrold van Barlingen;;Nederlandse;1
810;Eric-Jan Vink;1971;Nederlandse;1
811;Blanca Juti;;;1
812;Robbert van Heekeren;;;1
813;Dagmar Kollmann;1964;Oostenrijkse;1
814;Derk Doijer;1949;Nederlandse;1
815;Jesper Theill Eriksen;1968;;1
816;Ramon Fernandez;;;1
817;Lee Hodgkinson;;;1
818;Ruud Joosten;1964;Nederlandse;1
819;Hans Smits;1950;Nederlandse;1
820;Konrad Glund;;Duitse;1
821;Bernard Stuivinga;1956;Nederlandse;1
822;Mark van Lieshout;;;1
823;Fred Paling;1962;Nederlandse;1
824;Marc Calon;1959;Nederlandse;1
825;Jean-Marc Janaillac;1953;Franse;1
826;Caroline Zegers;1964;Nederlandse;1
827;Martin van Pernis;1945;Nederlandse;1
828;Philip Nijenhuis;1945;Nederlandse;1
829;Rogier Sparreboom;;Nederlandse;1
830;Jeroen Tas;1959;Nederlandse;1
831;José Antonio Fernández Carbajal;1954;Mexicaanse;1
832;Inge Lues;;Duitse;1
833;Maarten Douma;;Nederlandse;1
834;Jeff Carr;1961;Britse;1
835;Jos Habets;;Nederlandse;1
836;Einat Oz-Gabber;1971;Nederlandse;1
837;Buford Alexander;1949;Amerikaanse;1
838;Jan Nooitgedagt;1953;Nederlandse;1
839;Olav Padberg;;Nederlandse;1
840;Jan Niessen;1963;Nederlandse;1
841;Godert Vinkesteijn;1966;Nederlandse;1
842;Mijntje Lückerath-Rovers;1968;Nederlandse;1
843;Alexander Wynaendts;1960;Nederlandse;1
844;Hans van Leeuwen;;Nederlandse;1
845;Arne Dehn;1969;Duitse;1
846;Tanja Dik;;Nederlandse;1
847;Pavel Semik;;;1
848;Olivier de Vlam;;Nederlandse;1
849;Walter Wolfs;;Nederlandse;1
850;Frank Elderson;1970;Nederlandse;1
851;Robert van Rede;;;1
852;Evert-Jan van Garderen;;Nederlandse;1
853;Richard Blickman;1954;;1
854;Marc Bienemann;1967;Nederlandse;1
855;Ruud Sondag;1962;Nederlandse;1
856;Greet Prins;1954;Nederlandse;1
857;Carla van der Weerdt-Norder;1964;Nederlandse;1
858;Jackson Tai;1950;Amerikaanse;1
859;Ad Veenhof;1945;Nederlandse;1
860;Gilbert van Hassel;1957;Belgische;1
861;Sander van Deventer;1954;Nederlandse;1
862;Kathleen Steel;1946;Belgische;1
863;Sophie Stabile;1970;Franse;1
864;Sjoerd Eisma;1949;Nederlandse;1
865;Dinnies Johannes von der Osten;;;1
866;Piero Overmars;1964;Nederlandse;1
867;Vincent Germyns;1973;Belgische;1
868;Frank Spaan;;Nederlandse;1
869;Robert van der Meer;1949;Nederlandse;1
870;Marc Engel;1966;Nederlandse;1
871;Simone Brummelhuis;;Nederlandse;1
872;Marc Boumans;1974;Nederlandse;1
873;Engelhardt Robbe;1955;Nederlandse;1
874;Graeme Pitkethly;1968;Britse;1
875;Ron Armstrong;;Amerikaanse;1
876;Eddy Vermeire;;;1
877;Edward Erickson;1947;Amerikaanse;1
878;Jaap Blaak;1941;Nederlandse;1
879;Frits van Hout;1960;Nederlandse;1
880;Christine Poon;1951;Amerikaanse;1
881;Roland Toppen;1970;Nederlandse;1
882;Frank van Kasteren;;;1
883;Adriana Hoppenbrouwer;;;1
884;Arian Kamp;;;1
885;David Pyott;1953;Engelse;1
886;Brice Bouffard;;Amerikaanse;1
887;Wouter Wolffenbuttel;;;1
888;Jesper Brodin;;Zweedse;1
889;José Meijer;1955;Nederlandse;1
890;Guy Soesan;1973;Nederlandse;1
891;Frédéric Gagey;1956;Franse;1
892;Heleen Dura-van Oord;;;1
893;Brian Berkouwer;;Nederlandse;1
894;Jeroen Potjes;1965;Nederlandse;1
895;Gerard Sanderink;1949;Nederlandse;1
896;Ernst-Jan Boers;1966;Nederlandse;1
897;Rijnhard van Tets;1947;Nederlandse;1
898;Petra van Hoeken;1961;Nederlandse;1
899;David Jeffreys;;Britse;1
900;Mark Myslinski;1955;;1
901;Arian Buurman;1966;Nederlandse;1
902;Marjan Rintel;1966;Nederlandse;1
903;Patrick Lammers;1964;Nederlandse;1
904;Marius Cornelis Meurs;1952;Nederlandse;1
905;Mark McGrath;1946;Amerikaanse;1
906;Miriam Klijn;;;1
907;Peter Bommel;1961;Nederlandse;1
908;Chaim Katzman;;;1
909;Huub van der Vrande;1955;Nederlandse;1
910;Eric van Schagen;1956;Nederlandse;1
911;Paul de Koning;1963;Nederlandse;1
912;André Olijslager;1944;Nederlandse;1
913;Maurits Aalders;;Nederlandse;1
914;Preston Feight;;Amerikaanse;1
915;Rien Zwitserloot;1949;Nederlandse;1
916;John Hess;1954;Amerikaanse;1
917;Leo Deuzeman;1952;Nederlandse;1
918;Duco Wildeboer;;;1
919;Carlo de Swart;1941;Nederlandse;1
920;Diederik Karsten;1957;Nederlandse;1
921;Maëlys Castella;1966;Franse;1
922;Lisette van Breugel;;Nederlandse;1
923;Cindy Rombouts;;Nederlandse;1
924;Mark Mooy;;;1
925;Joop van Lunteren;;;1
926;Onno van de Stolpe;1959;Nederlandse;1
927;Jan Derck van Karnebeek;1967;Nederlandse;1
928;Job Dura;;Nederlandse;1
929;Jan van Nieuwenhuizen;1961;Nederlandse;1
930;Pauline Bieringa;1959;Nederlandse;1
931;John Carrafiell;1966;Britse;1
932;Guy Colleau;;;1
933;Meg Whitman;;Amerikaanse;1
934;Joseph Grundfest;1951;Amerikaanse;1
935;Philippe Barril;;Franse;1
936;Sherry Richard;1956;Amerikaanse;1
937;Jan Sundelin;;Zweedse;1
938;Sipko Schat;1960;Nederlandse;1
939;Walter van Damme;1972;Nederlandse;1
940;Harry Bruijniks;1956;Nederlandse;1
941;Jan van den Belt;1946;Nederlandse;1
942;Bart Fillius;;;1
943;Jan Slootweg;1957;Nederlandse;1
944;Ronald Dielwart;;Nederlandse;1
945;Hans Janssen;1967;Nederlandse;1
946;Vincent Moolenaar;;Nederlandse;1
947;Frank Dorjee;1960;Nederlandse;1
948;Wim van den Goorbergh;1948;Nederlandse;1
949;Avi Schnur;1948;Belgische;1
950;Marcel Krom;;Nederlandse;1
951;Rached Dekker;;;1
952;Joep van Beurden;;Nederlandse;1
953;Peter Wennink;1957;Nederlandse;1
954;Paul van Riel;1956;Nederlandse;1
955;Frederic Hervouet;;Franse;1
956;Peter Specht;;Nederlandse;1
957;Nancy McKinstry;1959;Amerikaanse;1
958;Cees van Woudenberg;1948;Nederlandse;1
959;Peter Coebergh;;Nederlandse;1
960;René Oudejans;1961;Nederlandse;1
961;Henk Benjamins;1943;Nederlandse;1
962;Jan Voncken;1956;Nederlandse;1
963;Richard Bruens;1967;Nederlandse;1
964;Bas Feijtel;1967;Nederlandse;1
965;Bruno Lafont;1956;Franse;1
966;Ben Semeijns de Vries van Doesburgh;1957;Nederlandse;1
967;Piet Hilarides;1964;Nederlandse;1
968;Bas Van den Berg;;Nederlandse;1
969;Christophe Barnouin;1968;Franse;1
970;Rob van den Bergh;1950;Nederlandse;1
971;Renee Leurink;;;1
972;Bert ten Doeschot;;Nederlandse;1
973;Herman Hintzen;;Nederlandse;1
974;Wanda van Kerkvoorden;1968;Nederlandse;1
975;Steven ten Have;1967;Nederlandse;1
976;Pamela Boumeester;1958;Nederlandse;1
977;Louise Gunning-Schepers;1951;Nederlandse;1
978;Rudy van der Meer;1945;Nederlandse;1
979;Margot Hoppe;;;1
980;Roland Pirmez;1960;Belgische;1
981;Gino van Ossel;;;1
982;Jeroen Hunfeld;1950;Nederlandse;1
983;Gert van de Weerdhof;1965;Nederlandse;1
984;Dominique Aubernon;;;1
985;Chris Ouwinga;1955;Nederlandse;1
986;Neelam Dhawan;1959;Indiase;1
987;Ian Grice;1953;Britse;1
988;Annemarie van Gaal;1962;Nederlandse;1
989;Ricardo Gutiérrez Muñoz;1943;Mexicaanse;1
990;Paulo de Castro;;Portugese;1
991;Matt Kapusta;;;1
992;Olivier Piou;1958;Franse;1
993;Thessa Menssen;1967;Nederlandse;1
994;Gerrit Zalm;1952;Nederlandse;1
995;Martin Kemper;1968;Nederlandse;1
996;Anneke van der Meer;1964;Nederlandse;1
997;Michel de Carvalho;1944;Britse;1
998;Peter Wakkie;1948;Nederlandse;1
999;Henk ten Hove;1952;Nederlandse;1
1000;Jan Holsboer;1946;Nederlandse;1
1001;Francis Kint;;Belgische;1
1002;Hans Preusting;;Nederlandse;1
1003;John Colligan;1942;Engelse;1
1004;Frank Verhagen;;Nederlandse;1
1005;Arif Karimjee;;Britse;1
1006;Robert van Goethem;;;1
1007;Patrick Alexandre;1956;Franse;1
1008;Heijo Hauser;1956;Duitse;1
1009;Leon van Riet;;Nederlandse;1
1010;Mariëlle de Macker;;Nederlandse;1
1011;Peter Blom;1956;Nederlandse;1
1012;Ludo van Halderen;1946;Nederlandse;1
1013;Maarten Roef;1964;Nederlandse;1
1014;Friedrich Froeschl;;Duitse;1
1015;Annet Aris;1958;Nederlandse;1
1016;Marcel de Groot;;Nederlandse;1
1017;Marc Udink;1958;Nederlandse;1
1018;Reinhard Pusch;1953;Duitse;1
1019;Aad Kuiper;1960;Nederlandse;1
1020;Pim Berendsen;;;1
1021;Falco Valkenburg;;Nederlandse;1
1022;Ronald Merckx;1967;Nederlandse;1
1023;Joost Rijper;1962;Nederlandse;1
1024;Leo Apotheker;1953;Duitse;1
1025;Richard Lubbers;;Nederlandse;1
1026;Patrick Vieu;1964;;1
1027;Francis Blanchelande;1949;Franse;1
1028;Jan Michiel Hessels;1942;Nederlandse;1
1029;Maurice Oostendorp;1956;Nederlandse;1
1030;Jeroen van der Veer;1947;Nederlandse;1
1031;Arjen Soederhuizen;1965;Nederlandse;1
1032;Rolly van Rappard;1960;Nederlandse;1
1033;Jean-Michel Gault;;Franse;1
1034;Bert Ferwerda;1960;Nederlandse;1
1035;Jan Alberts Ter Wisch;;Nederlandse;1
1036;Jo van Engelen;1959;Nederlandse;1
1037;Freek Rijna;1955;Nederlandse;1
1038;Mark van den Burg;;Nederlandse;1
1039;Ron van Oijen;;;1
1040;Peter Blauwhoff;1953;Nederlandse;1
1041;Dirk Goeminne;1955;Belgische;1
1042;Sari Baldauf;1955;Finse;1
1043;Emile Lohman;1947;Nederlandse;1
1044;Frederic Schneider-Maunoury;;Franse;1
1045;Serkan Altuntop;;;1
1046;Lewis Kaden;1942;Amerikaanse;1
1047;Nigel Sheinwald GCMG;1953;Britse;1
1048;Xander Wessels;;;1
1049;Joe Feczko;;Amerikaanse;1
1050;Désirée Theyse;1968;Nederlandse;1
1051;Marten Booisma;1966;Nederlandse;1
1052;Theo Koekkoek;;;1
1053;Jurgen van Breukelen;1969;Nederlandse;1
1054;Jellie Banga;1974;Nederlandse;1
1055;Rob Westerhof;1943;Nederlandse;1
1056;Marc Overmars;1973;Nederlandse;1
1057;Annemiek Fentener van Vlissingen;1961;Nederlandse;1
1058;Franck Terner;1950;Franse;1
1059;Peter Ernsting;1958;Nederlandse;1
1060;Roger Dassen;1965;Nederlandse;1
1061;Pradeep Pant;;Singaporese;1
1062;Carla Smits-Nusteling;1966;Nederlandse;1
1063;Pieter Pijper;1966;;1
1064;Chris Goppelsroeder;;;1
1065;Nicolette Loonen - van Es;1972;Nederlandse;1
1066;Adriaan Roggeveen;1946;Nederlandse;1
1067;Will Chen;;;1
1068;Hans Daniels;1959;Nederlandse;1
1069;Wendy de Ruiter-Lörx;;Nederlandse;1
1070;Antony Burgmans;1947;Nederlandse;1
1071;Ron Teerlink;1961;Nederlandse;1
1072;Pierre Timmermans;1961;Nederlandse;1
1073;Chris Heutink;1962;Nederlandse;1
1074;Onno van Klinken;1969;Nederlandse;1
1075;Walter Hasselkus;1942;Duitse;1
1076;David Binks;;;1
1077;Marjan van Loon;;;1
1078;Todd Fisher;1967;Amerikaanse;1
1079;Ab Pasman;1950;Nederlandse;1
1080;Kyle Quinn;;Amerikaanse;1
1081;Jeroen Visser;;Nederlandse;1
1082;Jacqueline Rijsdijk;1956;Nederlandse;1
1083;Karin Koks;;Nederlandse;1
1084;Dick Sluimers;1953;Nederlandse;1
1085;Reade Griffith;;Amerikaanse;1
1086;Frans Wieringa;;Nederlandse;1
1087;Jolanda Lamse-Minderhoud;1969;Nederlandse;1
1088;Jean-Dominique Comolli;1948;Franse;1
1089;Adrian Bellamy;;;1
1090;Ludo Wijngaarden;1947;Nederlandse;1
1091;Ilonka Jankovich;1963;Hongaarse;1
1092;Karl Guha;1964;Nederlandse;1
1093;René Penning de Vries;;Nederlandse;1
1094;Ben van der Klift;1959;Nederlandse;1
1095;Willem Ledeboer;1964;Nederlandse;1
1096;Ivonne Rietjens;;Nederlandse;1
1097;John Eijgendaal;1964;Nederlandse;1
1098;Lou Brans Brabant;1955;Nederlandse;1
1099;Paul Smits;1963;Nederlandse;1
1100;Pamela Kirby;;Britse;1
1101;Henri Giscard d'Estaing;1956;Franse;1
1102;Jeroen Hoencamp;;;1
1103;Ricardo Kandelman;;;1
1104;Frank Meysman;1952;Belgische;1
1105;Dick Bogaards;1958;Nederlandse;1
1106;Kevin Holt;1958;Amerikaanse;1
1107;Charlotte Lohmann;;;1
1108;Machtelt Groothuis;1970;Nederlandse;1
1109;Marc Croonen;1961;Belgische;1
1110;Reinout van Riel;;Nederlandse;1
1111;Koen Slippens;1967;Nederlandse;1
1112;Steven van Rijswijk;;;1
1113;Frank van Oers;1959;Nederlandse;1
1114;Romain Bausch;1953;Luxemburgse;1
1115;Robert Scully;1950;Amerikaanse;1
1116;Johan van Hall;1960;Nederlandse;1
1117;Joost van Dijk;1968;Nederlandse;1
1118;Bouke Marsman;;;1
1119;Mary Anne Citrino;1959;Amerikaanse;1
1120;Anton Hop;;;1
1121;Guido Dubbeld;1971;Nederlandse;1
1122;Ben Verwaayen;1952;Nederlandse;1
1123;Clara Streit;1968;Duitse;1
1124;Gerrit Kolff;1948;Nederlandse;1
1125;Jan Bruggenthijs;;Nederlandse;1
1126;Elco Brinkman;1948;Nederlandse;1
1127;Jean-François van Boxmeer;1961;Belgische;1
1128;Dorothee van Vredenburch;1964;Nederlandse;1
1129;Judith Hartmann;;Oostenrijkse;1
1130;Bob van Ierland;;Nederlandse;1
1131;Douglas Vicari;1960;;1
1132;Gerard Hoetmer;1956;Nederlandse;1
1133;Hans Pontier;1950;Nederlandse;1
1134;Jesper Erichsen;;;1
1135;Herman Dijkhuizen;1960;Nederlandse;1
1136;Mariëtte Doornekamp-Rijkers;1957;Nederlandse;1
1137;Wilco Jiskoot;1950;Nederlandse;1
1138;Alexandra Schaapveld;1958;Nederlandse;1
1139;Peter van Bommel;1957;Nederlandse;1
1140;Marcel Winkelman;;;1
1141;Bart Karis;1958;Nederlandse;1
1142;Marijn Dekkers;1957;Nederlandse;1
1143;Hein Schumacher;1972;Nederlandse;1
1144;Elly Seinstra;1951;Nederlandse;1
1145;Martijn Kleijwegt;;Nederlandse;1
1146;Marc van Gelder;1961;Nederlandse;1
1147;Janus Smalbraak;;Nederlandse;1
1148;Jeannette Franken;1967;Nederlandse;1
1149;Allard Goldschmeding;1964;Nederlandse;1
1150;Chuck del Prado;1961;Nederlandse;1
1151;Joost Sliepenbeek;1963;Nederlandse;1
1152;Rob Frohn;1960;Nederlandse;1
1153;Rob Harmsen;;Nederlandse;1
1154;Brian Stafford;;Amerikaanse;1
1155;OB Bilous;1938;Amerikaanse;1
1156;Onno Krap;1965;Nederlandse;1
1157;Geraldine Leegwater;1971;Nederlandse;1
1158;Luke Taylor;1968;Britse;1
1159;Marc Diepstraten;;Nederlandse;1
1160;Robert Jan van de Kraats;1960;Nederlandse;1
1161;Mary Harris;1966;Britse;1
1162;Peter Gerretse;1959;;1
1163;Ronald van der Mark;1965;Nederlandse;1
1164;Stuart Chapman;;;1
1165;Wout Dekker;1956;Nederlandse;1
1166;Luc Vandewalle;1944;Belgische;1
1167;Rob Zandbergen;1958;Nederlandse;1
1168;Nienke Meijer;;Nederlandse;1
1169;Erik Bax;;;1
1170;Toine van Laack;1963;Nederlandse;1
1171;Jos Baeten;1958;Nederlandse;1
1172;José Lazeroms;1964;Nederlandse;1
1173;Ben Noteboom;1958;Nederlandse;1
1174;Frank van der Post;1961;Nederlandse;1
1175;Philip Houben;1950;Nederlandse;1
1176;Godfried van Lanschot;1964;Nederlandse;1
1177;Maarten Schönfeld;1949;Nederlandse;1
1178;Tye Burt;1955;Canadese;1
1179;Heinz C. Schimmelbusch;1944;Duitse;1
1180;Sue Clark;;;1
1181;Erik Honee;;Nederlandse;1
1182;Edo van den Assem;1949;Nederlandse;1
1183;Tjeerd Jegen;;Nederlandse;1
1184;Joyce van der Est;1965;Nederlandse;1
1185;Marja van Dieijen-Visser;1954;Nederlandse;1
1186;Ronald van der Vis;1967;Nederlandse;1
1187;Paul Clegg;1960;Britse;1
1188;Mary Ma;1952;Chinese;1
1189;Pier Eringa;1961;Nederlandse;1
1190;Walter Swinkels;1975;Nederlandse;1
1191;Marieke Bax;1961;Nederlandse;1
1192;Rob ter Haar;1950;Nederlandse;1
1193;Egbert van Acht;;;1
1194;Anouk ter Laak;;Nederlandse;1
1195;Hans Kooijmans;;Nederlandse;1
1196;Dick Boer;1957;Nederlandse;1
1197;Stephanie Hottenhuis;1965;Nederlandse;1
1198;Aat Schouwenaar;1946;Nederlandse;1
1199;Rudy Provoost;1959;Belgische;1
1200;Knut Nesse;1967;Noorse;1
1201;Conchita Mulder-Volkers;;;1
1202;Rinse de Jong;1948;Nederlandse;1
1203;Caroline Kievit-Droste;1960;Nederlandse;1
1204;Tjarda Molenaar;1967;Nederlandse;1
1205;Louis Hughes;1949;Amerikaanse;1
1206;Erwin Rexwinkel;;;1
1207;Hendrik Liebers;;Duitse;1
1208;Erwin van Lambaart;1963;Nederlandse;1
1209;Theo de Kool;1952;Nederlandse;1
1210;Philippe Alfroid;1945;Franse;1
1211;Frans van Houten;1960;Nederlandse;1
1212;Yoram Knoop;1969;;1
1213;Victoria Haynes;;Amerikaanse;1
1214;Adrian Hennah;1957;Britse;1
1215;Robert Jenkins;1951;Amerikaanse;1
1216;Henny Hilgerdenaar;1960;Nederlandse;1
1217;Chris Figee;1972;Nederlandse;1
1218;Ko Blok;1949;Nederlandse;1
1219;Joop Drechsel;1955;Nederlandse;1
1220;Jean-Marc Jestin;;Franse;1
1221;Johan Kleyn;1949;Nederlandse;1
1222;Peter Paul de Vries;1967;Nederlandse;1
1223;Hélène Vletter-van Dort;1964;Nederlandse;1
1224;Tanja Cuppen;1969;Nederlandse;1
1225;Charlotte Insinger;1965;Nederlandse;1
1226;Gert-Jan Antvelink;;Nederlandse;1
1227;Frits van Eerd;1967;Nederlandse;1
1228;Maaike Poulussen;;Nederlandse;1
1229;Jurgen Stegmann;1960;Nederlandse;1
1230;Vincent Hulshof;;;1
1231;Jan Sijbrand;1954;Nederlandse;1
1232;Jolanda Poots-Bijl;1969;Nederlandse;1
1233;Richard Jacobs;;;1
1234;Selma Schram-van Winkel;1966;Nederlandse;1
1235;Edwin van der Sar;1970;Nederlandse;1
1236;Peggy Bertha Bruzelius;1949;Zweedse;1
1237;Cornelis Visscher;;;1
1238;Alain Courbebaisse;;;1
1239;Ruud Bergervoet;;Nederlandse;1
1240;Jack de Kreij;1959;Nederlandse;1
1241;Martika Jonk;1959;Nederlandse;1
1242;Edwin Michiels;;Nederlandse;1
1243;Federico Locci;1974;Italiaanse;1
1244;Mona ElNaggar;1968;Britse;1
1245;Sjoerd Vollebregt;1954;Nederlandse;1
1246;Fabrice Mouchel;1970;Franse;1
1247;Robert Bolier;1961;Nederlandse;1
1248;Daan van Knippenberg;1966;Nederlandse;1
1249;Gareth Weston;;;1
1250;Jaap Vessies;;;1
1251;Carlos García Moreno Elizondo;1957;Mexicaanse;1
1252;Frans Muller;1961;Nederlandse;1
1253;Hans Bakker;1951;Nederlandse;1
1254;Jacques van den Broek;1960;Nederlandse;1
1255;Erik van Houwelingen;;;1
1256;Ron Borsboom;;Nederlandse;1
1257;Angelique Paulussen-Hoogakker;;Nederlandse;1
1258;Pieter Verboom;1950;Nederlandse;1
1259;Renier Vree;1964;Nederlandse;1
1260;Willem Bröcker;;Nederlandse;1
1261;Bert Roetert;1956;Nederlandse;1
1262;Jeroen Dijst;1971;;1
1263;Sijmen de Vries;1959;Nederlandse;1
1264;Eric Rondolat;1966;Franse;1
1265;Barth de Klerk;1970;Nederlandse;1
1266;Jan Hendrik Egberts;1958;Nederlandse;1
1267;René de Groot;1969;Nederlandse;1
1268;Yonca Brunini;;Turkse;1
1269;Sander van der Laan;1968;Nederlandse;1
1270;Yen Yen Tan;1965;Singaporese;1
1271;Monique Noomen - Greve;1967;Nederlandse;1
1272;Peter Frans Hartman;1949;Nederlandse;1
1273;Paula Soteropoulos;;Nederlandse;1
1274;Leo Graafsma;1949;Nederlandse;1
1275;Pim Oomens;1956;Nederlandse;1
1276;David de Buck;;;1
1277;Geraldine Matchett;1971;Zwitserse;1
1278;Nazo Moosa;1970;Britse;1
1279;Ralph Sonnenberg;1934;Nederlandse;1
1280;Adriaan Nühn;1953;Nederlandse;1
1281;James Sherwin;1933;Amerikaanse;1
1282;René Moos;1963;Nederlandse;1
1283;Paul Verwilt;;Belgische;1
1284;Marieke Schöningh;1963;Belgische;1
1285;Jaap Winter;1963;Nederlandse;1
1286;Homaira Akbari;1961;Amerikaanse;1
1287;Juan Pablo Del Valle Perochena;1973;Mexicaanse;1
1288;Kees-Jan Rameau;1962;Nederlandse;1
1289;Leen Geirnaerdt;1974;Belgische;1
1290;Huub Hannen;;;1
1291;Frits Oldenburg;1961;Nederlandse;1
1292;Dominique Leroy;1964;Belgische;1
1293;Andrés Capdepón Acquaroni;1974;Argentijnse;1
1294;Gert Ysebaert;;Belgische;1
1295;Maarten Wetselaar;;Nederlandse;1
1296;Rudy Kluiber;1959;Amerikaanse;1
1297;Jan Bout;1946;Nederlandse;1
